ip,timestamp,method,url,path,query,status,size,url_length,query_params,special_char_density,method_encoded,status_category
127.0.0.1,12/Jan/2025:10:10:10 +0000,GET,/home,/home,,200,500,5,0,0.0,0,2
10.0.0.12,12/Jan/2025:10:10:13 +0000,POST,/search?q=<script>alert(1)</script>,/search,q=<script>alert(1)</script>,500,625,35,1,0.11428571428571428,1,5
182.15.158.68,28/Oct/2025:14:58:59 +0000,GET,/login?q=hello,/login,q=hello,200,1215,14,1,0.0,0,2
187.168.55.100,28/Oct/2025:14:58:46 +0000,POST,/index,/index,,200,1245,6,0,0.0,1,2
122.143.97.133,28/Oct/2025:14:59:13 +0000,GET,/login,/login,,200,1176,6,0,0.0,0,2
104.47.169.150,28/Oct/2025:14:59:34 +0000,GET,/api/v1/users,/api/v1/users,,200,982,13,0,0.0,0,2
231.120.121.188,28/Oct/2025:14:57:11 +0000,POST,/dashboard,/dashboard,,200,750,10,0,0.0,1,2
112.88.84.205,28/Oct/2025:14:58:51 +0000,GET,/upload,/upload,,200,412,7,0,0.0,0,2
243.55.203.169,28/Oct/2025:14:58:26 +0000,GET,/search,/search,,200,707,7,0,0.0,0,2
41.180.216.168,28/Oct/2025:15:00:29 +0000,GET,/dashboard,/dashboard,,200,1276,10,0,0.0,0,2
107.154.219.226,28/Oct/2025:14:58:22 +0000,POST,/upload?q=hello,/upload,q=hello,200,419,15,1,0.0,1,2
228.20.172.65,28/Oct/2025:14:59:30 +0000,GET,/api/v1/login,/api/v1/login,,200,1035,13,0,0.0,0,2
106.239.248.27,28/Oct/2025:14:58:39 +0000,GET,/assets/img.png,/assets/img.png,,200,551,15,0,0.0,0,2
4.104.90.191,28/Oct/2025:14:59:33 +0000,GET,/login,/login,,200,934,6,0,0.0,0,2
34.91.27.96,28/Oct/2025:14:59:22 +0000,GET,/dashboard,/dashboard,,200,1244,10,0,0.0,0,2
201.158.35.64,28/Oct/2025:14:58:21 +0000,GET,/search,/search,,200,556,7,0,0.0,0,2
40.154.242.93,28/Oct/2025:14:59:58 +0000,GET,/login,/login,,200,870,6,0,0.0,0,2
66.167.112.195,28/Oct/2025:15:00:46 +0000,POST,/upload?file=../../../../../windows/win.ini,/upload,file=../../../../../windows/win.ini,403,533,43,1,0.0,1,4
29.7.38.243,28/Oct/2025:14:59:42 +0000,GET,/dashboard,/dashboard,,200,959,10,0,0.0,0,2
111.84.172.223,28/Oct/2025:14:59:55 +0000,GET,/login,/login,,200,1120,6,0,0.0,0,2
245.63.42.106,28/Oct/2025:14:58:29 +0000,GET,/api/v1/users,/api/v1/users,,200,445,13,0,0.0,0,2
13.187.231.54,28/Oct/2025:14:57:38 +0000,GET,/upload?q=hello,/upload,q=hello,200,1426,15,1,0.0,0,2
179.139.113.1,28/Oct/2025:14:59:47 +0000,GET,/admin,/admin,,200,848,6,0,0.0,0,2
9.184.137.41,28/Oct/2025:14:59:37 +0000,GET,/index,/index,,200,897,6,0,0.0,0,2
106.218.240.137,28/Oct/2025:14:58:05 +0000,GET,/home?q=hello,/home,q=hello,200,948,13,1,0.0,0,2
121.249.75.217,28/Oct/2025:14:58:41 +0000,GET,/search,/search,,200,1221,7,0,0.0,0,2
51.33.96.99,28/Oct/2025:14:58:34 +0000,GET,/search?q=hello,/search,q=hello,200,828,15,1,0.0,0,2
153.16.47.58,28/Oct/2025:14:59:29 +0000,GET,/index,/index,,200,263,6,0,0.0,0,2
151.30.75.63,28/Oct/2025:14:58:54 +0000,POST,/products,/products,,200,294,9,0,0.0,1,2
42.83.251.192,28/Oct/2025:15:01:18 +0000,POST,/search?q=<script>alert(1)</script>,/search,q=<script>alert(1)</script>,200,302,35,1,0.11428571428571428,1,2
106.251.12.128,28/Oct/2025:14:57:47 +0000,GET,/search,/search,,200,1017,7,0,0.0,0,2
93.65.25.119,28/Oct/2025:14:57:39 +0000,POST,/upload,/upload,,200,298,7,0,0.0,1,2
183.25.115.51,28/Oct/2025:14:58:15 +0000,POST,/search,/search,,200,870,7,0,0.0,1,2
43.207.41.90,28/Oct/2025:14:59:07 +0000,POST,/login?q=hello,/login,q=hello,200,1279,14,1,0.0,1,2
205.185.57.191,28/Oct/2025:14:57:46 +0000,GET,/products?q=hello,/products,q=hello,200,1202,17,1,0.0,0,2
218.207.191.253,28/Oct/2025:15:01:14 +0000,POST,/api/v1/users?name=admin'--,/api/v1/users,name=admin'--,500,199,27,1,0.07407407407407407,1,5
242.11.110.23,28/Oct/2025:14:59:06 +0000,POST,/api/v1/login?q=hello,/api/v1/login,q=hello,200,447,21,1,0.0,1,2
226.118.230.229,28/Oct/2025:14:58:08 +0000,GET,/login?q=hello,/login,q=hello,200,1464,14,1,0.0,0,2
45.240.130.43,28/Oct/2025:14:57:54 +0000,GET,/index?q=hello,/index,q=hello,200,956,14,1,0.0,0,2
62.99.210.143,28/Oct/2025:14:58:30 +0000,GET,/index,/index,,200,1458,6,0,0.0,0,2
87.62.126.161,28/Oct/2025:14:58:42 +0000,GET,/upload,/upload,,200,344,7,0,0.0,0,2
130.70.184.222,28/Oct/2025:14:58:32 +0000,GET,/search,/search,,200,518,7,0,0.0,0,2
215.71.231.246,28/Oct/2025:15:01:05 +0000,GET,/search?q=<script>alert(1)</script>,/search,q=<script>alert(1)</script>,403,170,35,1,0.11428571428571428,0,4
219.155.228.219,28/Oct/2025:15:00:50 +0000,POST,/upload?file=../../../../../windows/win.ini,/upload,file=../../../../../windows/win.ini,403,573,43,1,0.0,1,4
99.74.43.31,28/Oct/2025:14:58:45 +0000,GET,/upload,/upload,,200,1414,7,0,0.0,0,2
46.153.51.97,28/Oct/2025:14:58:12 +0000,GET,/products?q=hello,/products,q=hello,200,605,17,1,0.0,0,2
199.102.140.29,28/Oct/2025:14:59:27 +0000,GET,/upload,/upload,,200,530,7,0,0.0,0,2
17.85.95.79,28/Oct/2025:15:00:22 +0000,GET,/index,/index,,200,1244,6,0,0.0,0,2
99.54.117.121,28/Oct/2025:14:59:28 +0000,GET,/api/v1/login,/api/v1/login,,200,1028,13,0,0.0,0,2
205.116.230.137,28/Oct/2025:14:58:14 +0000,GET,/admin,/admin,,200,1177,6,0,0.0,0,2
191.53.47.89,28/Oct/2025:14:59:50 +0000,GET,/api/v1/users,/api/v1/users,,200,1063,13,0,0.0,0,2
134.28.71.44,28/Oct/2025:15:00:05 +0000,GET,/upload,/upload,,200,675,7,0,0.0,0,2
92.155.200.41,28/Oct/2025:14:59:21 +0000,GET,/dashboard,/dashboard,,200,1299,10,0,0.0,0,2
185.58.47.23,28/Oct/2025:15:00:00 +0000,GET,/api/v1/users,/api/v1/users,,200,979,13,0,0.0,0,2
144.149.233.41,28/Oct/2025:15:00:02 +0000,GET,/api/v1/users?q=hello,/api/v1/users,q=hello,200,1186,21,1,0.0,0,2
89.213.242.190,28/Oct/2025:14:59:43 +0000,GET,/search,/search,,200,985,7,0,0.0,0,2
29.2.171.95,28/Oct/2025:15:00:58 +0000,POST,/search?q=%3Csvg%2Fonload%3Dalert(1)%3E,/search,q=%3Csvg%2Fonload%3Dalert(1)%3E,200,754,39,1,0.07692307692307693,1,2
221.149.38.51,28/Oct/2025:14:58:35 +0000,GET,/login,/login,,200,327,6,0,0.0,0,2
239.63.206.148,28/Oct/2025:14:59:38 +0000,POST,/search,/search,,200,1249,7,0,0.0,1,2
211.241.77.121,28/Oct/2025:15:00:39 +0000,POST,/?q=%27%3B+DROP+TABLE+users%3B--,/,q=%27%3B+DROP+TABLE+users%3B--,200,303,32,1,0.0625,1,2
124.94.49.31,28/Oct/2025:14:58:25 +0000,GET,/index,/index,,200,1353,6,0,0.0,0,2
113.141.30.72,28/Oct/2025:14:59:32 +0000,GET,/api/v1/login,/api/v1/login,,200,899,13,0,0.0,0,2
80.201.52.86,28/Oct/2025:14:59:10 +0000,GET,/login,/login,,200,674,6,0,0.0,0,2
32.191.30.187,28/Oct/2025:14:57:20 +0000,GET,/products,/products,,200,881,9,0,0.0,0,2
191.180.203.189,28/Oct/2025:14:59:20 +0000,GET,/index,/index,,200,1217,6,0,0.0,0,2
6.250.64.50,28/Oct/2025:14:59:44 +0000,GET,/index,/index,,200,986,6,0,0.0,0,2
167.224.156.96,28/Oct/2025:14:57:53 +0000,GET,/api/v1/users,/api/v1/users,,200,297,13,0,0.0,0,2
61.68.57.47,28/Oct/2025:14:59:48 +0000,GET,/admin,/admin,,200,651,6,0,0.0,0,2
24.196.13.124,28/Oct/2025:14:59:15 +0000,GET,/upload,/upload,,200,1124,7,0,0.0,0,2
241.192.181.253,28/Oct/2025:14:57:19 +0000,GET,/dashboard?q=hello,/dashboard,q=hello,200,488,18,1,0.0,0,2
210.204.176.126,28/Oct/2025:14:57:31 +0000,GET,/search,/search,,200,1483,7,0,0.0,0,2
12.244.109.246,28/Oct/2025:14:59:39 +0000,POST,/admin,/admin,,200,395,6,0,0.0,1,2
179.70.129.59,28/Oct/2025:14:57:52 +0000,POST,/api/v1/login,/api/v1/login,,200,852,13,0,0.0,1,2
213.1.154.234,28/Oct/2025:14:57:32 +0000,POST,/dashboard,/dashboard,,200,945,10,0,0.0,1,2
209.202.111.200,28/Oct/2025:15:01:26 +0000,GET,/search?q=%3Csvg%2Fonload%3Dalert(1)%3E,/search,q=%3Csvg%2Fonload%3Dalert(1)%3E,403,1121,39,1,0.07692307692307693,0,4
78.212.94.249,28/Oct/2025:14:58:44 +0000,GET,/api/v1/login,/api/v1/login,,200,210,13,0,0.0,0,2
240.191.134.204,28/Oct/2025:14:57:42 +0000,GET,/dashboard,/dashboard,,200,1151,10,0,0.0,0,2
75.254.173.169,28/Oct/2025:15:01:06 +0000,POST,/admin.php?file=../../../../etc/passwd,/admin.php,file=../../../../etc/passwd,403,539,38,1,0.0,1,4
115.236.79.191,28/Oct/2025:14:58:48 +0000,GET,/upload,/upload,,200,1244,7,0,0.0,0,2
244.134.91.61,28/Oct/2025:14:57:12 +0000,GET,/search,/search,,200,1443,7,0,0.0,0,2
21.214.161.240,28/Oct/2025:14:57:25 +0000,GET,/admin,/admin,,200,762,6,0,0.0,0,2
12.146.114.172,28/Oct/2025:15:00:28 +0000,POST,/api/v1/users,/api/v1/users,,200,541,13,0,0.0,1,2
99.205.36.68,28/Oct/2025:15:00:04 +0000,GET,/login,/login,,200,295,6,0,0.0,0,2
75.193.106.44,28/Oct/2025:15:00:27 +0000,GET,/admin,/admin,,200,1301,6,0,0.0,0,2
87.220.94.80,28/Oct/2025:14:57:55 +0000,POST,/assets/img.png,/assets/img.png,,200,979,15,0,0.0,1,2
234.167.85.29,28/Oct/2025:15:00:13 +0000,POST,/upload?q=hello,/upload,q=hello,200,1486,15,1,0.0,1,2
12.176.27.83,28/Oct/2025:14:57:35 +0000,GET,/assets/img.png?q=hello,/assets/img.png,q=hello,200,1257,23,1,0.0,0,2
11.100.250.184,28/Oct/2025:14:58:27 +0000,GET,/search,/search,,200,1091,7,0,0.0,0,2
69.93.13.132,28/Oct/2025:14:58:23 +0000,GET,/upload,/upload,,200,373,7,0,0.0,0,2
121.217.171.172,28/Oct/2025:15:01:11 +0000,GET,/admin.php?file=../../../../etc/passwd,/admin.php,file=../../../../etc/passwd,500,728,38,1,0.0,0,5
147.239.32.157,28/Oct/2025:14:57:30 +0000,GET,/products,/products,,200,782,9,0,0.0,0,2
132.143.165.23,28/Oct/2025:14:58:16 +0000,GET,/api/v1/users?q=hello,/api/v1/users,q=hello,200,887,21,1,0.0,0,2
202.22.21.156,28/Oct/2025:14:59:16 +0000,GET,/admin?q=hello,/admin,q=hello,200,292,14,1,0.0,0,2
42.89.151.30,28/Oct/2025:15:00:32 +0000,GET,/admin.php?file=../../../../etc/passwd,/admin.php,file=../../../../etc/passwd,500,484,38,1,0.0,0,5
33.196.9.218,28/Oct/2025:14:59:19 +0000,POST,/home,/home,,200,1266,5,0,0.0,1,2
144.34.52.221,28/Oct/2025:14:57:13 +0000,POST,/search?q=hello,/search,q=hello,200,500,15,1,0.0,1,2
81.226.13.239,28/Oct/2025:15:01:30 +0000,POST,/upload?file=../../../../../windows/win.ini,/upload,file=../../../../../windows/win.ini,200,1039,43,1,0.0,1,2
15.85.56.56,28/Oct/2025:15:00:54 +0000,POST,/api/v1/users?name=admin'--,/api/v1/users,name=admin'--,500,439,27,1,0.07407407407407407,1,5
190.23.240.117,28/Oct/2025:14:58:17 +0000,POST,/index,/index,,200,1304,6,0,0.0,1,2
31.143.148.91,28/Oct/2025:14:58:40 +0000,GET,/assets/img.png?q=hello,/assets/img.png,q=hello,200,1293,23,1,0.0,0,2
198.123.250.245,28/Oct/2025:14:57:28 +0000,POST,/assets/img.png,/assets/img.png,,200,986,15,0,0.0,1,2
172.16.223.72,28/Oct/2025:14:59:52 +0000,GET,/search,/search,,200,1030,7,0,0.0,0,2
166.121.0.59,28/Oct/2025:15:00:41 +0000,GET,/?q=%27%3B+DROP+TABLE+users%3B--,/,q=%27%3B+DROP+TABLE+users%3B--,403,930,32,1,0.0625,0,4
98.85.169.96,28/Oct/2025:14:58:18 +0000,POST,/login,/login,,200,875,6,0,0.0,1,2
91.200.254.194,28/Oct/2025:15:00:30 +0000,POST,/login?q=hello,/login,q=hello,200,1362,14,1,0.0,1,2
36.226.158.223,28/Oct/2025:14:58:57 +0000,GET,/index?q=hello,/index,q=hello,200,1408,14,1,0.0,0,2
224.224.188.120,28/Oct/2025:14:58:43 +0000,GET,/upload,/upload,,200,786,7,0,0.0,0,2
35.42.20.215,28/Oct/2025:14:59:08 +0000,POST,/index?q=hello,/index,q=hello,200,1000,14,1,0.0,1,2
166.219.246.217,28/Oct/2025:14:57:34 +0000,GET,/api/v1/login,/api/v1/login,,200,728,13,0,0.0,0,2
102.210.15.119,28/Oct/2025:15:00:01 +0000,GET,/api/v1/users,/api/v1/users,,200,877,13,0,0.0,0,2
8.41.172.90,28/Oct/2025:15:00:43 +0000,GET,/api/v1/users?name=admin'--,/api/v1/users,name=admin'--,200,406,27,1,0.07407407407407407,0,2
201.132.115.224,28/Oct/2025:15:01:10 +0000,POST,/search?q=<script>alert(1)</script>,/search,q=<script>alert(1)</script>,200,265,35,1,0.11428571428571428,1,2
52.226.60.118,28/Oct/2025:14:58:31 +0000,GET,/login?q=hello,/login,q=hello,200,581,14,1,0.0,0,2
132.6.163.201,28/Oct/2025:14:58:24 +0000,POST,/products?q=hello,/products,q=hello,200,810,17,1,0.0,1,2
212.114.79.249,28/Oct/2025:14:57:49 +0000,GET,/dashboard,/dashboard,,200,1020,10,0,0.0,0,2
204.47.16.27,28/Oct/2025:15:00:18 +0000,GET,/api/v1/login,/api/v1/login,,200,438,13,0,0.0,0,2
238.230.187.53,28/Oct/2025:15:01:01 +0000,GET,/admin.php?file=../../../../etc/passwd,/admin.php,file=../../../../etc/passwd,403,702,38,1,0.0,0,4
166.187.75.15,28/Oct/2025:14:59:05 +0000,POST,/products,/products,,200,717,9,0,0.0,1,2
209.67.178.8,28/Oct/2025:14:59:26 +0000,GET,/assets/img.png,/assets/img.png,,200,800,15,0,0.0,0,2
40.196.8.68,28/Oct/2025:14:58:49 +0000,GET,/login,/login,,200,1058,6,0,0.0,0,2
154.20.173.24,28/Oct/2025:15:00:21 +0000,POST,/login,/login,,200,213,6,0,0.0,1,2
205.16.219.238,28/Oct/2025:14:59:23 +0000,POST,/products,/products,,200,735,9,0,0.0,1,2
76.162.179.107,28/Oct/2025:14:57:33 +0000,POST,/admin?q=hello,/admin,q=hello,200,1392,14,1,0.0,1,2
110.248.185.17,28/Oct/2025:15:01:29 +0000,GET,/product?id=../../../../etc/passwd,/product,id=../../../../etc/passwd,403,1135,34,1,0.0,0,4
226.189.197.110,28/Oct/2025:15:00:19 +0000,GET,/api/v1/login?q=hello,/api/v1/login,q=hello,200,396,21,1,0.0,0,2
87.85.167.163,28/Oct/2025:14:58:07 +0000,POST,/index,/index,,200,1064,6,0,0.0,1,2
53.195.96.62,28/Oct/2025:14:58:36 +0000,GET,/admin,/admin,,200,1057,6,0,0.0,0,2
41.188.225.71,28/Oct/2025:14:59:12 +0000,GET,/admin,/admin,,200,299,6,0,0.0,0,2
229.236.23.249,28/Oct/2025:14:59:45 +0000,GET,/api/v1/users,/api/v1/users,,200,1222,13,0,0.0,0,2
62.134.255.118,28/Oct/2025:14:59:46 +0000,POST,/products,/products,,200,1079,9,0,0.0,1,2
240.122.204.242,28/Oct/2025:14:58:06 +0000,GET,/dashboard,/dashboard,,200,526,10,0,0.0,0,2
240.48.228.3,28/Oct/2025:14:57:18 +0000,POST,/index,/index,,200,1160,6,0,0.0,1,2
208.253.41.59,28/Oct/2025:14:58:01 +0000,GET,/index?q=hello,/index,q=hello,200,400,14,1,0.0,0,2
81.187.109.167,28/Oct/2025:15:00:31 +0000,POST,/api/v1/users?name=admin'--,/api/v1/users,name=admin'--,200,614,27,1,0.07407407407407407,1,2
192.191.102.35,28/Oct/2025:14:57:22 +0000,POST,/api/v1/users,/api/v1/users,,200,910,13,0,0.0,1,2
117.196.133.54,28/Oct/2025:15:00:03 +0000,GET,/login?q=hello,/login,q=hello,200,310,14,1,0.0,0,2
201.213.202.31,28/Oct/2025:14:58:04 +0000,GET,/assets/img.png?q=hello,/assets/img.png,q=hello,200,845,23,1,0.0,0,2
30.51.186.238,28/Oct/2025:14:57:29 +0000,GET,/login,/login,,200,298,6,0,0.0,0,2
37.103.217.139,28/Oct/2025:15:00:10 +0000,GET,/home?q=hello,/home,q=hello,200,1234,13,1,0.0,0,2
163.186.154.228,28/Oct/2025:14:59:03 +0000,POST,/home,/home,,200,275,5,0,0.0,1,2
148.147.142.242,28/Oct/2025:14:57:26 +0000,GET,/admin,/admin,,200,488,6,0,0.0,0,2
212.40.156.148,28/Oct/2025:15:00:53 +0000,POST,/?q=%27%3B+DROP+TABLE+users%3B--,/,q=%27%3B+DROP+TABLE+users%3B--,200,190,32,1,0.0625,1,2
116.13.65.252,28/Oct/2025:15:00:40 +0000,POST,/product?id=../../../../etc/passwd,/product,id=../../../../etc/passwd,500,299,34,1,0.0,1,5
130.234.59.69,28/Oct/2025:15:00:37 +0000,GET,/product?id=../../../../etc/passwd,/product,id=../../../../etc/passwd,403,1046,34,1,0.0,0,4
231.147.104.57,28/Oct/2025:14:57:58 +0000,GET,/api/v1/users,/api/v1/users,,200,527,13,0,0.0,0,2
63.178.90.125,28/Oct/2025:15:01:20 +0000,POST,/admin.php?file=../../../../etc/passwd,/admin.php,file=../../../../etc/passwd,403,1087,38,1,0.0,1,4
102.70.51.146,28/Oct/2025:15:01:07 +0000,POST,/api/v1/users?name=admin'--,/api/v1/users,name=admin'--,200,439,27,1,0.07407407407407407,1,2
159.106.88.4,28/Oct/2025:15:00:09 +0000,POST,/admin,/admin,,200,1408,6,0,0.0,1,2
130.171.125.230,28/Oct/2025:14:59:53 +0000,GET,/upload,/upload,,200,244,7,0,0.0,0,2
29.72.180.72,28/Oct/2025:14:57:44 +0000,GET,/dashboard,/dashboard,,200,758,10,0,0.0,0,2
30.245.83.211,28/Oct/2025:15:00:17 +0000,GET,/products,/products,,200,615,9,0,0.0,0,2
34.170.152.12,28/Oct/2025:14:57:57 +0000,GET,/products,/products,,200,1297,9,0,0.0,0,2
169.11.208.255,28/Oct/2025:15:00:11 +0000,POST,/login,/login,,200,1100,6,0,0.0,1,2
161.64.35.226,28/Oct/2025:14:58:50 +0000,GET,/index,/index,,200,310,6,0,0.0,0,2
125.31.208.137,28/Oct/2025:14:58:11 +0000,GET,/api/v1/login?q=hello,/api/v1/login,q=hello,200,983,21,1,0.0,0,2
71.190.153.118,28/Oct/2025:14:57:27 +0000,POST,/admin,/admin,,200,450,6,0,0.0,1,2
76.17.234.206,28/Oct/2025:14:59:17 +0000,GET,/dashboard,/dashboard,,200,846,10,0,0.0,0,2
27.52.230.132,28/Oct/2025:15:01:09 +0000,GET,/admin.php?file=../../../../etc/passwd,/admin.php,file=../../../../etc/passwd,500,669,38,1,0.0,0,5
9.71.122.165,28/Oct/2025:14:59:04 +0000,GET,/products?q=hello,/products,q=hello,200,218,17,1,0.0,0,2
152.186.223.56,28/Oct/2025:14:58:19 +0000,GET,/api/v1/users,/api/v1/users,,200,836,13,0,0.0,0,2
59.137.137.52,28/Oct/2025:15:01:08 +0000,POST,/upload?file=../../../../../windows/win.ini,/upload,file=../../../../../windows/win.ini,403,1079,43,1,0.0,1,4
92.26.217.65,28/Oct/2025:15:00:14 +0000,GET,/upload?q=hello,/upload,q=hello,200,983,15,1,0.0,0,2
168.89.53.14,28/Oct/2025:15:01:19 +0000,GET,/upload?file=../../../../../windows/win.ini,/upload,file=../../../../../windows/win.ini,500,593,43,1,0.0,0,5
236.157.101.9,28/Oct/2025:14:59:25 +0000,GET,/upload?q=hello,/upload,q=hello,200,1230,15,1,0.0,0,2
33.197.192.161,28/Oct/2025:14:58:09 +0000,GET,/assets/img.png,/assets/img.png,,200,688,15,0,0.0,0,2
100.50.130.91,28/Oct/2025:14:57:40 +0000,POST,/admin,/admin,,200,722,6,0,0.0,1,2
55.185.117.202,28/Oct/2025:15:00:26 +0000,GET,/dashboard,/dashboard,,200,1066,10,0,0.0,0,2
231.105.241.70,28/Oct/2025:14:59:00 +0000,GET,/upload,/upload,,200,1490,7,0,0.0,0,2
67.97.74.12,28/Oct/2025:15:00:16 +0000,GET,/dashboard,/dashboard,,200,1495,10,0,0.0,0,2
159.206.250.122,28/Oct/2025:14:59:02 +0000,GET,/products,/products,,200,1156,9,0,0.0,0,2
43.53.113.203,28/Oct/2025:14:57:37 +0000,POST,/search,/search,,200,221,7,0,0.0,1,2
156.128.193.66,28/Oct/2025:14:58:13 +0000,GET,/admin,/admin,,200,280,6,0,0.0,0,2
10.101.112.205,28/Oct/2025:14:58:28 +0000,POST,/index,/index,,200,942,6,0,0.0,1,2
111.55.159.193,28/Oct/2025:14:58:47 +0000,GET,/home,/home,,200,633,5,0,0.0,0,2
67.82.240.122,28/Oct/2025:15:00:55 +0000,POST,/upload?file=../../../../../windows/win.ini,/upload,file=../../../../../windows/win.ini,500,1130,43,1,0.0,1,5
59.152.189.201,28/Oct/2025:14:58:38 +0000,POST,/dashboard?q=hello,/dashboard,q=hello,200,873,18,1,0.0,1,2
62.140.28.182,28/Oct/2025:14:58:10 +0000,POST,/search?q=hello,/search,q=hello,200,1374,15,1,0.0,1,2
44.136.9.43,28/Oct/2025:15:00:42 +0000,GET,/search?q=<script>alert(1)</script>,/search,q=<script>alert(1)</script>,500,1114,35,1,0.11428571428571428,0,5
225.4.83.58,28/Oct/2025:14:57:17 +0000,GET,/index,/index,,200,1130,6,0,0.0,0,2
42.95.27.96,28/Oct/2025:15:00:44 +0000,POST,/upload?file=../../../../../windows/win.ini,/upload,file=../../../../../windows/win.ini,403,960,43,1,0.0,1,4
25.63.177.116,28/Oct/2025:15:01:28 +0000,POST,/api/v1/users?name=admin'--,/api/v1/users,name=admin'--,200,366,27,1,0.07407407407407407,1,2
141.119.62.231,28/Oct/2025:15:00:07 +0000,GET,/index,/index,,200,887,6,0,0.0,0,2
85.117.191.74,28/Oct/2025:14:57:56 +0000,GET,/search,/search,,200,883,7,0,0.0,0,2
115.187.219.154,28/Oct/2025:15:01:17 +0000,GET,/search?q=<script>alert(1)</script>,/search,q=<script>alert(1)</script>,200,1198,35,1,0.11428571428571428,0,2
98.218.107.77,28/Oct/2025:14:59:51 +0000,GET,/home,/home,,200,582,5,0,0.0,0,2
73.197.104.99,28/Oct/2025:14:57:24 +0000,GET,/api/v1/users,/api/v1/users,,200,758,13,0,0.0,0,2
3.98.126.10,28/Oct/2025:15:00:25 +0000,GET,/api/v1/login,/api/v1/login,,200,1443,13,0,0.0,0,2
71.212.138.134,28/Oct/2025:15:00:12 +0000,GET,/api/v1/login,/api/v1/login,,200,311,13,0,0.0,0,2
141.79.55.194,28/Oct/2025:14:58:56 +0000,GET,/home,/home,,200,804,5,0,0.0,0,2
35.37.123.20,28/Oct/2025:14:58:58 +0000,POST,/index,/index,,200,609,6,0,0.0,1,2
151.162.217.49,28/Oct/2025:14:58:33 +0000,GET,/assets/img.png,/assets/img.png,,200,367,15,0,0.0,0,2
203.244.165.119,28/Oct/2025:14:59:35 +0000,GET,/products,/products,,200,519,9,0,0.0,0,2
140.147.3.125,28/Oct/2025:15:00:20 +0000,GET,/index,/index,,200,865,6,0,0.0,0,2
223.0.106.92,28/Oct/2025:14:59:14 +0000,GET,/home?q=hello,/home,q=hello,200,1055,13,1,0.0,0,2
71.142.236.10,28/Oct/2025:14:59:09 +0000,GET,/api/v1/users,/api/v1/users,,200,460,13,0,0.0,0,2
128.67.25.189,28/Oct/2025:15:00:08 +0000,GET,/api/v1/login,/api/v1/login,,200,921,13,0,0.0,0,2
147.46.100.231,28/Oct/2025:14:57:43 +0000,GET,/products?q=hello,/products,q=hello,200,500,17,1,0.0,0,2
90.204.233.179,28/Oct/2025:14:57:14 +0000,GET,/login,/login,,200,486,6,0,0.0,0,2
138.50.58.136,28/Oct/2025:14:59:01 +0000,GET,/products,/products,,200,244,9,0,0.0,0,2
225.131.179.139,28/Oct/2025:14:59:36 +0000,GET,/upload,/upload,,200,981,7,0,0.0,0,2
162.69.86.215,28/Oct/2025:15:01:02 +0000,POST,/?q=%27%3B+DROP+TABLE+users%3B--,/,q=%27%3B+DROP+TABLE+users%3B--,200,421,32,1,0.0625,1,2
135.122.180.188,28/Oct/2025:14:58:03 +0000,GET,/admin,/admin,,200,1281,6,0,0.0,0,2
144.138.254.107,28/Oct/2025:14:59:24 +0000,POST,/api/v1/login,/api/v1/login,,200,960,13,0,0.0,1,2
107.129.63.208,28/Oct/2025:14:59:49 +0000,GET,/dashboard,/dashboard,,200,907,10,0,0.0,0,2
38.48.198.139,28/Oct/2025:14:57:45 +0000,GET,/api/v1/login,/api/v1/login,,200,1430,13,0,0.0,0,2
153.194.112.108,28/Oct/2025:14:58:52 +0000,GET,/dashboard,/dashboard,,200,852,10,0,0.0,0,2
5.108.42.224,28/Oct/2025:15:01:03 +0000,GET,/admin.php?file=../../../../etc/passwd,/admin.php,file=../../../../etc/passwd,200,766,38,1,0.0,0,2
67.200.99.87,28/Oct/2025:15:00:34 +0000,GET,/admin.php?file=../../../../etc/passwd,/admin.php,file=../../../../etc/passwd,200,298,38,1,0.0,0,2
185.206.26.230,28/Oct/2025:15:01:25 +0000,POST,/api/v1/users?name=admin'--,/api/v1/users,name=admin'--,403,1164,27,1,0.07407407407407407,1,4
144.190.99.59,28/Oct/2025:15:01:04 +0000,GET,/search?q=%3Csvg%2Fonload%3Dalert(1)%3E,/search,q=%3Csvg%2Fonload%3Dalert(1)%3E,200,957,39,1,0.07692307692307693,0,2
110.91.252.124,28/Oct/2025:14:59:41 +0000,GET,/index,/index,,200,1030,6,0,0.0,0,2
71.200.157.162,28/Oct/2025:14:58:53 +0000,POST,/api/v1/users,/api/v1/users,,200,893,13,0,0.0,1,2
61.67.92.182,28/Oct/2025:15:00:15 +0000,GET,/search,/search,,200,432,7,0,0.0,0,2
97.145.154.58,28/Oct/2025:15:00:45 +0000,POST,/upload?file=../../../../../windows/win.ini,/upload,file=../../../../../windows/win.ini,200,683,43,1,0.0,1,2
249.194.54.23,28/Oct/2025:14:58:55 +0000,GET,/api/v1/login,/api/v1/login,,200,1450,13,0,0.0,0,2
14.235.115.83,28/Oct/2025:14:57:23 +0000,POST,/admin?q=hello,/admin,q=hello,200,375,14,1,0.0,1,2
155.202.161.224,28/Oct/2025:14:57:50 +0000,GET,/dashboard,/dashboard,,200,780,10,0,0.0,0,2
4.7.185.110,28/Oct/2025:14:57:15 +0000,GET,/login,/login,,200,671,6,0,0.0,0,2
27.151.15.138,28/Oct/2025:14:57:36 +0000,GET,/dashboard,/dashboard,,200,594,10,0,0.0,0,2
170.91.167.52,28/Oct/2025:15:00:23 +0000,POST,/assets/img.png,/assets/img.png,,200,1241,15,0,0.0,1,2
94.236.115.53,28/Oct/2025:14:59:18 +0000,GET,/products,/products,,200,1068,9,0,0.0,0,2
55.233.99.197,28/Oct/2025:15:00:49 +0000,POST,/search?q=%3Csvg%2Fonload%3Dalert(1)%3E,/search,q=%3Csvg%2Fonload%3Dalert(1)%3E,200,229,39,1,0.07692307692307693,1,2
21.93.11.36,28/Oct/2025:14:59:11 +0000,GET,/products,/products,,200,575,9,0,0.0,0,2
185.244.66.27,28/Oct/2025:14:59:40 +0000,GET,/dashboard,/dashboard,,200,936,10,0,0.0,0,2
246.70.165.153,28/Oct/2025:14:57:41 +0000,POST,/admin,/admin,,200,1448,6,0,0.0,1,2
171.30.161.23,28/Oct/2025:15:01:24 +0000,GET,/product?id=../../../../etc/passwd,/product,id=../../../../etc/passwd,200,241,34,1,0.0,0,2
157.193.46.127,28/Oct/2025:14:57:16 +0000,GET,/admin,/admin,,200,1144,6,0,0.0,0,2
166.158.151.149,28/Oct/2025:15:00:52 +0000,GET,/api/v1/users?name=admin'--,/api/v1/users,name=admin'--,500,1164,27,1,0.07407407407407407,0,5
240.158.103.140,28/Oct/2025:14:58:20 +0000,GET,/login,/login,,200,456,6,0,0.0,0,2
122.244.77.203,28/Oct/2025:14:58:02 +0000,POST,/login,/login,,200,620,6,0,0.0,1,2
41.97.164.135,28/Oct/2025:15:00:24 +0000,GET,/products,/products,,200,1265,9,0,0.0,0,2
74.194.190.180,28/Oct/2025:14:59:59 +0000,GET,/home,/home,,200,1150,5,0,0.0,0,2
170.203.186.199,28/Oct/2025:14:59:57 +0000,POST,/api/v1/login,/api/v1/login,,200,232,13,0,0.0,1,2
125.207.64.230,28/Oct/2025:14:57:51 +0000,GET,/upload,/upload,,200,567,7,0,0.0,0,2
145.10.208.46,28/Oct/2025:15:00:06 +0000,GET,/dashboard,/dashboard,,200,859,10,0,0.0,0,2
110.175.80.197,28/Oct/2025:15:01:15 +0000,GET,/product?id=../../../../etc/passwd,/product,id=../../../../etc/passwd,200,62,34,1,0.0,0,2
55.117.253.176,28/Oct/2025:14:58:37 +0000,GET,/admin,/admin,,200,1242,6,0,0.0,0,2
52.172.143.107,28/Oct/2025:14:58:00 +0000,POST,/upload?q=hello,/upload,q=hello,200,1125,15,1,0.0,1,2
7.98.161.254,28/Oct/2025:14:59:31 +0000,GET,/api/v1/users?q=hello,/api/v1/users,q=hello,200,697,21,1,0.0,0,2
133.42.210.107,28/Oct/2025:14:57:48 +0000,GET,/index?q=hello,/index,q=hello,200,409,14,1,0.0,0,2
55.89.18.0,28/Oct/2025:14:59:56 +0000,GET,/api/v1/login?q=hello,/api/v1/login,q=hello,200,667,21,1,0.0,0,2
77.211.111.36,28/Oct/2025:14:57:21 +0000,GET,/products,/products,,200,421,9,0,0.0,0,2
3.61.244.165,28/Oct/2025:14:57:59 +0000,GET,/assets/img.png,/assets/img.png,,200,924,15,0,0.0,0,2
108.251.255.201,28/Oct/2025:15:00:56 +0000,GET,/admin.php?file=../../../../etc/passwd,/admin.php,file=../../../../etc/passwd,200,394,38,1,0.0,0,2
185.184.104.63,28/Oct/2025:14:59:54 +0000,GET,/products?q=hello,/products,q=hello,200,372,17,1,0.0,0,2
204.215.75.153,28/Oct/2025:15:21:56 +0000,POST,/products,/products,,200,1356,9,0,0.0,1,2
219.251.106.245,28/Oct/2025:15:20:50 +0000,GET,/home,/home,,200,1001,5,0,0.0,0,2
42.10.58.176,28/Oct/2025:15:23:26 +0000,POST,/admin?q=hello,/admin,q=hello,200,1150,14,1,0.0,1,2
203.225.60.241,28/Oct/2025:15:22:35 +0000,POST,/search?q=hello,/search,q=hello,200,1271,15,1,0.0,1,2
222.76.224.11,28/Oct/2025:15:24:24 +0000,POST,/product?id=../../../../etc/passwd,/product,id=../../../../etc/passwd,200,750,34,1,0.0,1,2
61.20.232.18,28/Oct/2025:15:21:12 +0000,POST,/assets/img.png,/assets/img.png,,200,1127,15,0,0.0,1,2
56.0.108.158,28/Oct/2025:15:20:36 +0000,GET,/dashboard?q=hello,/dashboard,q=hello,200,597,18,1,0.0,0,2
185.77.23.245,28/Oct/2025:15:22:08 +0000,GET,/api/v1/users,/api/v1/users,,200,598,13,0,0.0,0,2
55.136.120.37,28/Oct/2025:15:22:52 +0000,GET,/home,/home,,200,506,5,0,0.0,0,2
90.109.35.126,28/Oct/2025:15:20:52 +0000,GET,/products?q=hello,/products,q=hello,200,969,17,1,0.0,0,2
200.47.27.224,28/Oct/2025:15:20:26 +0000,GET,/dashboard,/dashboard,,200,484,10,0,0.0,0,2
229.100.163.27,28/Oct/2025:15:21:23 +0000,GET,/assets/img.png,/assets/img.png,,200,936,15,0,0.0,0,2
97.101.136.86,28/Oct/2025:15:21:44 +0000,POST,/search?q=hello,/search,q=hello,200,912,15,1,0.0,1,2
208.198.110.156,28/Oct/2025:15:22:17 +0000,GET,/admin,/admin,,200,1093,6,0,0.0,0,2
249.11.8.133,28/Oct/2025:15:24:26 +0000,POST,/search?q=%3Csvg%2Fonload%3Dalert(1)%3E,/search,q=%3Csvg%2Fonload%3Dalert(1)%3E,200,374,39,1,0.07692307692307693,1,2
95.47.60.56,28/Oct/2025:15:23:17 +0000,GET,/search,/search,,200,1247,7,0,0.0,0,2
163.243.125.167,28/Oct/2025:15:24:47 +0000,POST,/api/v1/users?name=admin'--,/api/v1/users,name=admin'--,403,786,27,1,0.07407407407407407,1,4
86.97.67.142,28/Oct/2025:15:20:45 +0000,POST,/home,/home,,200,885,5,0,0.0,1,2
206.24.82.77,28/Oct/2025:15:24:31 +0000,GET,/search?q=<script>alert(1)</script>,/search,q=<script>alert(1)</script>,200,782,35,1,0.11428571428571428,0,2
14.78.181.220,28/Oct/2025:15:24:51 +0000,GET,/admin.php?file=../../../../etc/passwd,/admin.php,file=../../../../etc/passwd,403,293,38,1,0.0,0,4
115.141.221.39,28/Oct/2025:15:23:28 +0000,GET,/admin,/admin,,200,902,6,0,0.0,0,2
196.233.9.253,28/Oct/2025:15:21:13 +0000,GET,/api/v1/login,/api/v1/login,,200,671,13,0,0.0,0,2
117.166.87.205,28/Oct/2025:15:21:43 +0000,GET,/assets/img.png,/assets/img.png,,200,559,15,0,0.0,0,2
110.248.56.177,28/Oct/2025:15:22:15 +0000,GET,/api/v1/users,/api/v1/users,,200,1240,13,0,0.0,0,2
200.64.222.137,28/Oct/2025:15:24:03 +0000,GET,/upload?file=../../../../../windows/win.ini,/upload,file=../../../../../windows/win.ini,200,718,43,1,0.0,0,2
21.252.138.200,28/Oct/2025:15:21:58 +0000,POST,/products,/products,,200,449,9,0,0.0,1,2
253.76.131.28,28/Oct/2025:15:22:47 +0000,POST,/upload,/upload,,200,1234,7,0,0.0,1,2
191.140.133.161,28/Oct/2025:15:22:01 +0000,GET,/login,/login,,200,1168,6,0,0.0,0,2
81.81.235.185,28/Oct/2025:15:21:35 +0000,POST,/upload,/upload,,200,624,7,0,0.0,1,2
101.226.93.169,28/Oct/2025:15:22:04 +0000,GET,/index,/index,,200,604,6,0,0.0,0,2
153.110.127.190,28/Oct/2025:15:20:56 +0000,POST,/login,/login,,200,1104,6,0,0.0,1,2
51.213.84.90,28/Oct/2025:15:23:24 +0000,GET,/products,/products,,200,281,9,0,0.0,0,2
67.4.77.48,28/Oct/2025:15:22:37 +0000,GET,/admin,/admin,,200,976,6,0,0.0,0,2
91.230.158.37,28/Oct/2025:15:24:07 +0000,POST,/product?id=../../../../etc/passwd,/product,id=../../../../etc/passwd,200,99,34,1,0.0,1,2
189.118.212.234,28/Oct/2025:15:22:14 +0000,POST,/dashboard,/dashboard,,200,350,10,0,0.0,1,2
45.180.95.164,28/Oct/2025:15:21:59 +0000,POST,/products,/products,,200,1420,9,0,0.0,1,2
21.65.96.153,28/Oct/2025:15:21:19 +0000,GET,/index?q=hello,/index,q=hello,200,602,14,1,0.0,0,2
144.55.146.237,28/Oct/2025:15:22:19 +0000,POST,/api/v1/users,/api/v1/users,,200,1282,13,0,0.0,1,2
204.172.18.24,28/Oct/2025:15:22:21 +0000,GET,/search?q=hello,/search,q=hello,200,1433,15,1,0.0,0,2
68.33.210.140,28/Oct/2025:15:21:55 +0000,GET,/login,/login,,200,907,6,0,0.0,0,2
165.122.240.212,28/Oct/2025:15:24:11 +0000,GET,/admin.php?file=../../../../etc/passwd,/admin.php,file=../../../../etc/passwd,403,981,38,1,0.0,0,4
197.174.117.164,28/Oct/2025:15:23:14 +0000,GET,/products?q=hello,/products,q=hello,200,419,17,1,0.0,0,2
73.62.16.96,28/Oct/2025:15:22:02 +0000,GET,/api/v1/login?q=hello,/api/v1/login,q=hello,200,258,21,1,0.0,0,2
172.102.204.48,28/Oct/2025:15:21:10 +0000,GET,/products,/products,,200,858,9,0,0.0,0,2
63.33.185.166,28/Oct/2025:15:22:57 +0000,GET,/admin,/admin,,200,269,6,0,0.0,0,2
104.147.78.40,28/Oct/2025:15:21:37 +0000,GET,/home,/home,,200,650,5,0,0.0,0,2
168.15.179.189,28/Oct/2025:15:23:38 +0000,GET,/search?q=<script>alert(1)</script>,/search,q=<script>alert(1)</script>,200,560,35,1,0.11428571428571428,0,2
85.88.227.135,28/Oct/2025:15:23:09 +0000,POST,/api/v1/users,/api/v1/users,,200,672,13,0,0.0,1,2
53.25.47.236,28/Oct/2025:15:24:16 +0000,GET,/api/v1/users?name=admin'--,/api/v1/users,name=admin'--,500,879,27,1,0.07407407407407407,0,5
199.215.79.218,28/Oct/2025:15:22:24 +0000,GET,/search,/search,,200,1468,7,0,0.0,0,2
226.130.173.251,28/Oct/2025:15:23:06 +0000,GET,/home,/home,,200,1056,5,0,0.0,0,2
171.95.104.222,28/Oct/2025:15:23:19 +0000,GET,/assets/img.png,/assets/img.png,,200,1475,15,0,0.0,0,2
235.167.94.6,28/Oct/2025:15:23:39 +0000,GET,/?q=%27%3B+DROP+TABLE+users%3B--,/,q=%27%3B+DROP+TABLE+users%3B--,403,1140,32,1,0.0625,0,4
177.111.145.139,28/Oct/2025:15:22:25 +0000,GET,/products?q=hello,/products,q=hello,200,520,17,1,0.0,0,2
216.33.227.6,28/Oct/2025:15:21:31 +0000,GET,/index?q=hello,/index,q=hello,200,1264,14,1,0.0,0,2
102.15.205.108,28/Oct/2025:15:23:18 +0000,GET,/index,/index,,200,1087,6,0,0.0,0,2
189.202.81.44,28/Oct/2025:15:20:35 +0000,GET,/dashboard,/dashboard,,200,654,10,0,0.0,0,2
182.25.223.114,28/Oct/2025:15:20:53 +0000,POST,/products,/products,,200,1163,9,0,0.0,1,2
122.179.151.188,28/Oct/2025:15:24:18 +0000,POST,/search?q=%3Csvg%2Fonload%3Dalert(1)%3E,/search,q=%3Csvg%2Fonload%3Dalert(1)%3E,500,92,39,1,0.07692307692307693,1,5
160.143.201.132,28/Oct/2025:15:24:41 +0000,GET,/search?q=%3Csvg%2Fonload%3Dalert(1)%3E,/search,q=%3Csvg%2Fonload%3Dalert(1)%3E,200,667,39,1,0.07692307692307693,0,2
43.183.33.31,28/Oct/2025:15:23:43 +0000,GET,/admin.php?file=../../../../etc/passwd,/admin.php,file=../../../../etc/passwd,403,114,38,1,0.0,0,4
234.2.194.194,28/Oct/2025:15:20:21 +0000,GET,/api/v1/login,/api/v1/login,,200,624,13,0,0.0,0,2
16.35.118.229,28/Oct/2025:15:22:41 +0000,GET,/assets/img.png,/assets/img.png,,200,616,15,0,0.0,0,2
50.47.153.71,28/Oct/2025:15:20:54 +0000,GET,/api/v1/users,/api/v1/users,,200,1271,13,0,0.0,0,2
254.216.235.13,28/Oct/2025:15:22:06 +0000,GET,/products,/products,,200,625,9,0,0.0,0,2
27.71.171.37,28/Oct/2025:15:21:01 +0000,POST,/api/v1/users,/api/v1/users,,200,786,13,0,0.0,1,2
26.77.179.23,28/Oct/2025:15:24:19 +0000,GET,/product?id=../../../../etc/passwd,/product,id=../../../../etc/passwd,500,264,34,1,0.0,0,5
189.158.140.155,28/Oct/2025:15:20:34 +0000,GET,/home,/home,,200,365,5,0,0.0,0,2
3.87.229.105,28/Oct/2025:15:22:31 +0000,POST,/api/v1/users,/api/v1/users,,200,823,13,0,0.0,1,2
48.254.221.234,28/Oct/2025:15:23:51 +0000,GET,/search?q=%3Csvg%2Fonload%3Dalert(1)%3E,/search,q=%3Csvg%2Fonload%3Dalert(1)%3E,200,800,39,1,0.07692307692307693,0,2
151.27.217.238,28/Oct/2025:15:23:45 +0000,GET,/api/v1/users?name=admin'--,/api/v1/users,name=admin'--,500,757,27,1,0.07407407407407407,0,5
119.241.173.0,28/Oct/2025:15:23:16 +0000,POST,/admin,/admin,,200,497,6,0,0.0,1,2
41.46.119.213,28/Oct/2025:15:22:56 +0000,GET,/products,/products,,200,285,9,0,0.0,0,2
222.141.0.224,28/Oct/2025:15:22:43 +0000,GET,/home,/home,,200,482,5,0,0.0,0,2
255.253.19.173,28/Oct/2025:15:21:04 +0000,GET,/admin?q=hello,/admin,q=hello,200,1229,14,1,0.0,0,2
14.90.108.111,28/Oct/2025:15:22:16 +0000,POST,/login,/login,,200,1490,6,0,0.0,1,2
62.116.138.152,28/Oct/2025:15:21:39 +0000,POST,/login,/login,,200,905,6,0,0.0,1,2
152.4.203.8,28/Oct/2025:15:20:41 +0000,POST,/admin,/admin,,200,1354,6,0,0.0,1,2
209.123.253.11,28/Oct/2025:15:22:29 +0000,POST,/admin,/admin,,200,1046,6,0,0.0,1,2
174.210.66.218,28/Oct/2025:15:21:32 +0000,GET,/assets/img.png,/assets/img.png,,200,267,15,0,0.0,0,2
13.147.3.211,28/Oct/2025:15:23:02 +0000,POST,/assets/img.png,/assets/img.png,,200,960,15,0,0.0,1,2
239.21.145.246,28/Oct/2025:15:23:01 +0000,POST,/dashboard,/dashboard,,200,485,10,0,0.0,1,2
155.225.79.139,28/Oct/2025:15:20:17 +0000,POST,/upload?q=hello,/upload,q=hello,200,1017,15,1,0.0,1,2
53.255.80.139,28/Oct/2025:15:23:04 +0000,GET,/upload,/upload,,200,1017,7,0,0.0,0,2
19.42.93.193,28/Oct/2025:15:24:01 +0000,POST,/admin.php?file=../../../../etc/passwd,/admin.php,file=../../../../etc/passwd,500,474,38,1,0.0,1,5
60.141.71.73,28/Oct/2025:15:21:21 +0000,POST,/assets/img.png,/assets/img.png,,200,1241,15,0,0.0,1,2
178.6.98.105,28/Oct/2025:15:23:54 +0000,GET,/admin.php?file=../../../../etc/passwd,/admin.php,file=../../../../etc/passwd,200,417,38,1,0.0,0,2
121.108.60.182,28/Oct/2025:15:23:00 +0000,GET,/products,/products,,200,1133,9,0,0.0,0,2
241.81.88.197,28/Oct/2025:15:21:03 +0000,GET,/products,/products,,200,549,9,0,0.0,0,2
8.136.34.81,28/Oct/2025:15:22:07 +0000,GET,/assets/img.png?q=hello,/assets/img.png,q=hello,200,271,23,1,0.0,0,2
134.51.249.141,28/Oct/2025:15:24:33 +0000,POST,/api/v1/users?name=admin'--,/api/v1/users,name=admin'--,200,464,27,1,0.07407407407407407,1,2
1.136.54.201,28/Oct/2025:15:21:20 +0000,GET,/admin,/admin,,200,1066,6,0,0.0,0,2
201.202.189.55,28/Oct/2025:15:20:42 +0000,POST,/home?q=hello,/home,q=hello,200,1278,13,1,0.0,1,2
65.53.80.161,28/Oct/2025:15:24:15 +0000,POST,/upload?file=../../../../../windows/win.ini,/upload,file=../../../../../windows/win.ini,403,537,43,1,0.0,1,4
191.130.135.1,28/Oct/2025:15:21:00 +0000,GET,/products?q=hello,/products,q=hello,200,1098,17,1,0.0,0,2
123.216.29.179,28/Oct/2025:15:23:27 +0000,GET,/api/v1/login?q=hello,/api/v1/login,q=hello,200,728,21,1,0.0,0,2
83.84.188.189,28/Oct/2025:15:24:02 +0000,POST,/admin.php?file=../../../../etc/passwd,/admin.php,file=../../../../etc/passwd,200,524,38,1,0.0,1,2
76.188.159.87,28/Oct/2025:15:24:46 +0000,POST,/product?id=../../../../etc/passwd,/product,id=../../../../etc/passwd,403,95,34,1,0.0,1,4
121.221.26.34,28/Oct/2025:15:24:50 +0000,POST,/?q=%27%3B+DROP+TABLE+users%3B--,/,q=%27%3B+DROP+TABLE+users%3B--,200,785,32,1,0.0625,1,2
125.37.4.141,28/Oct/2025:15:21:27 +0000,GET,/admin,/admin,,200,832,6,0,0.0,0,2
82.232.101.115,28/Oct/2025:15:20:33 +0000,GET,/search,/search,,200,288,7,0,0.0,0,2
193.134.28.130,28/Oct/2025:15:23:25 +0000,GET,/dashboard,/dashboard,,200,628,10,0,0.0,0,2
57.71.136.229,28/Oct/2025:15:20:40 +0000,GET,/home,/home,,200,890,5,0,0.0,0,2
128.71.162.136,28/Oct/2025:15:21:36 +0000,POST,/admin,/admin,,200,235,6,0,0.0,1,2
238.74.214.138,28/Oct/2025:15:22:49 +0000,GET,/login,/login,,200,419,6,0,0.0,0,2
242.104.153.119,28/Oct/2025:15:21:41 +0000,GET,/products,/products,,200,652,9,0,0.0,0,2
111.82.216.52,28/Oct/2025:15:20:30 +0000,POST,/api/v1/users?q=hello,/api/v1/users,q=hello,200,214,21,1,0.0,1,2
200.198.101.165,28/Oct/2025:15:22:55 +0000,GET,/login,/login,,200,1397,6,0,0.0,0,2
118.113.62.134,28/Oct/2025:15:22:59 +0000,GET,/api/v1/users,/api/v1/users,,200,807,13,0,0.0,0,2
153.210.153.133,28/Oct/2025:15:24:34 +0000,POST,/search?q=%3Csvg%2Fonload%3Dalert(1)%3E,/search,q=%3Csvg%2Fonload%3Dalert(1)%3E,200,81,39,1,0.07692307692307693,1,2
220.55.62.91,28/Oct/2025:15:21:40 +0000,GET,/home,/home,,200,695,5,0,0.0,0,2
39.153.245.161,28/Oct/2025:15:22:34 +0000,POST,/home,/home,,200,799,5,0,0.0,1,2
151.166.90.127,28/Oct/2025:15:23:03 +0000,POST,/index,/index,,200,1286,6,0,0.0,1,2
40.149.25.150,28/Oct/2025:15:21:34 +0000,POST,/index,/index,,200,425,6,0,0.0,1,2
100.8.177.47,28/Oct/2025:15:21:07 +0000,GET,/products,/products,,200,914,9,0,0.0,0,2
111.160.67.253,28/Oct/2025:15:20:25 +0000,GET,/dashboard,/dashboard,,200,435,10,0,0.0,0,2
11.222.65.228,28/Oct/2025:15:23:59 +0000,GET,/upload?file=../../../../../windows/win.ini,/upload,file=../../../../../windows/win.ini,500,1125,43,1,0.0,0,5
1.56.65.8,28/Oct/2025:15:22:09 +0000,GET,/dashboard,/dashboard,,200,1302,10,0,0.0,0,2
37.20.93.29,28/Oct/2025:15:23:30 +0000,GET,/products,/products,,200,1290,9,0,0.0,0,2
129.159.156.30,28/Oct/2025:15:20:49 +0000,GET,/dashboard?q=hello,/dashboard,q=hello,200,1209,18,1,0.0,0,2
1.45.16.100,28/Oct/2025:15:21:16 +0000,GET,/products,/products,,200,249,9,0,0.0,0,2
126.19.178.204,28/Oct/2025:15:21:22 +0000,GET,/assets/img.png,/assets/img.png,,200,1256,15,0,0.0,0,2
227.59.216.253,28/Oct/2025:15:22:58 +0000,GET,/admin,/admin,,200,1140,6,0,0.0,0,2
167.198.206.114,28/Oct/2025:15:21:08 +0000,GET,/home,/home,,200,1235,5,0,0.0,0,2
160.180.145.68,28/Oct/2025:15:23:57 +0000,GET,/api/v1/users?name=admin'--,/api/v1/users,name=admin'--,500,942,27,1,0.07407407407407407,0,5
29.136.217.154,28/Oct/2025:15:23:44 +0000,POST,/upload?file=../../../../../windows/win.ini,/upload,file=../../../../../windows/win.ini,200,103,43,1,0.0,1,2
142.44.67.168,28/Oct/2025:15:21:47 +0000,POST,/index,/index,,200,816,6,0,0.0,1,2
12.237.89.230,28/Oct/2025:15:21:54 +0000,GET,/dashboard,/dashboard,,200,1310,10,0,0.0,0,2
70.77.37.171,28/Oct/2025:15:21:25 +0000,POST,/admin,/admin,,200,1464,6,0,0.0,1,2
162.24.231.171,28/Oct/2025:15:20:58 +0000,GET,/admin,/admin,,200,1302,6,0,0.0,0,2
75.44.229.62,28/Oct/2025:15:24:45 +0000,POST,/upload?file=../../../../../windows/win.ini,/upload,file=../../../../../windows/win.ini,500,1166,43,1,0.0,1,5
8.249.34.224,28/Oct/2025:15:22:11 +0000,GET,/assets/img.png,/assets/img.png,,200,1297,15,0,0.0,0,2
15.144.186.15,28/Oct/2025:15:21:53 +0000,GET,/login,/login,,200,480,6,0,0.0,0,2
239.215.194.240,28/Oct/2025:15:24:39 +0000,POST,/search?q=%3Csvg%2Fonload%3Dalert(1)%3E,/search,q=%3Csvg%2Fonload%3Dalert(1)%3E,500,737,39,1,0.07692307692307693,1,5
13.240.23.63,28/Oct/2025:15:21:24 +0000,GET,/search?q=hello,/search,q=hello,200,231,15,1,0.0,0,2
158.175.154.61,28/Oct/2025:15:23:21 +0000,GET,/search,/search,,200,445,7,0,0.0,0,2
42.74.233.44,28/Oct/2025:15:22:12 +0000,GET,/dashboard?q=hello,/dashboard,q=hello,200,1027,18,1,0.0,0,2
162.22.190.48,28/Oct/2025:15:21:57 +0000,POST,/index,/index,,200,960,6,0,0.0,1,2
64.254.176.41,28/Oct/2025:15:21:02 +0000,GET,/assets/img.png,/assets/img.png,,200,711,15,0,0.0,0,2
27.81.5.80,28/Oct/2025:15:21:28 +0000,GET,/dashboard,/dashboard,,200,708,10,0,0.0,0,2
52.154.59.254,28/Oct/2025:15:21:42 +0000,POST,/admin,/admin,,200,1321,6,0,0.0,1,2
2.62.4.135,28/Oct/2025:15:23:40 +0000,GET,/?q=%27%3B+DROP+TABLE+users%3B--,/,q=%27%3B+DROP+TABLE+users%3B--,403,391,32,1,0.0625,0,4
56.57.182.202,28/Oct/2025:15:24:22 +0000,POST,/product?id=../../../../etc/passwd,/product,id=../../../../etc/passwd,200,822,34,1,0.0,1,2
143.192.187.148,28/Oct/2025:15:20:27 +0000,GET,/login,/login,,200,429,6,0,0.0,0,2
124.16.224.209,28/Oct/2025:15:23:34 +0000,GET,/home,/home,,200,367,5,0,0.0,0,2
114.0.43.23,28/Oct/2025:15:20:47 +0000,POST,/search,/search,,200,372,7,0,0.0,1,2
104.22.240.75,28/Oct/2025:15:21:33 +0000,POST,/admin,/admin,,200,1413,6,0,0.0,1,2
108.97.223.200,28/Oct/2025:15:21:38 +0000,GET,/search?q=hello,/search,q=hello,200,1269,15,1,0.0,0,2
242.249.209.187,28/Oct/2025:15:22:30 +0000,POST,/assets/img.png,/assets/img.png,,200,1125,15,0,0.0,1,2
162.237.11.254,28/Oct/2025:15:23:50 +0000,GET,/api/v1/users?name=admin'--,/api/v1/users,name=admin'--,500,774,27,1,0.07407407407407407,0,5
92.226.92.159,28/Oct/2025:15:22:53 +0000,GET,/upload,/upload,,200,244,7,0,0.0,0,2
71.156.152.207,28/Oct/2025:15:23:48 +0000,POST,/api/v1/users?name=admin'--,/api/v1/users,name=admin'--,200,574,27,1,0.07407407407407407,1,2
195.138.125.211,28/Oct/2025:15:20:43 +0000,GET,/dashboard,/dashboard,,200,1379,10,0,0.0,0,2
150.188.110.110,28/Oct/2025:15:20:19 +0000,GET,/login,/login,,200,692,6,0,0.0,0,2
55.134.55.7,28/Oct/2025:15:24:06 +0000,GET,/upload?file=../../../../../windows/win.ini,/upload,file=../../../../../windows/win.ini,200,536,43,1,0.0,0,2
253.240.156.72,28/Oct/2025:15:24:20 +0000,GET,/upload?file=../../../../../windows/win.ini,/upload,file=../../../../../windows/win.ini,200,1102,43,1,0.0,0,2
99.233.50.218,28/Oct/2025:15:21:15 +0000,POST,/api/v1/users,/api/v1/users,,200,431,13,0,0.0,1,2
96.196.9.71,28/Oct/2025:15:22:40 +0000,GET,/search,/search,,200,260,7,0,0.0,0,2
60.236.239.140,28/Oct/2025:15:20:48 +0000,GET,/assets/img.png,/assets/img.png,,200,852,15,0,0.0,0,2
131.109.198.193,28/Oct/2025:15:24:28 +0000,POST,/upload?file=../../../../../windows/win.ini,/upload,file=../../../../../windows/win.ini,403,551,43,1,0.0,1,4
130.39.15.33,28/Oct/2025:15:23:33 +0000,GET,/products,/products,,200,843,9,0,0.0,0,2
146.116.64.239,28/Oct/2025:15:24:00 +0000,GET,/admin.php?file=../../../../etc/passwd,/admin.php,file=../../../../etc/passwd,500,171,38,1,0.0,0,5
6.48.32.248,28/Oct/2025:15:21:52 +0000,GET,/api/v1/login,/api/v1/login,,200,1092,13,0,0.0,0,2
220.244.138.215,28/Oct/2025:15:23:31 +0000,GET,/dashboard,/dashboard,,200,823,10,0,0.0,0,2
169.191.57.34,28/Oct/2025:15:21:50 +0000,POST,/api/v1/users,/api/v1/users,,200,999,13,0,0.0,1,2
72.132.158.138,28/Oct/2025:15:24:08 +0000,POST,/upload?file=../../../../../windows/win.ini,/upload,file=../../../../../windows/win.ini,200,1193,43,1,0.0,1,2
110.69.70.198,28/Oct/2025:15:24:36 +0000,POST,/admin.php?file=../../../../etc/passwd,/admin.php,file=../../../../etc/passwd,403,170,38,1,0.0,1,4
160.85.181.103,28/Oct/2025:15:23:35 +0000,GET,/index,/index,,200,686,6,0,0.0,0,2
159.215.221.103,28/Oct/2025:15:22:20 +0000,POST,/api/v1/users,/api/v1/users,,200,893,13,0,0.0,1,2
4.201.219.219,28/Oct/2025:15:22:54 +0000,POST,/login,/login,,200,1209,6,0,0.0,1,2
53.114.54.60,28/Oct/2025:15:20:28 +0000,GET,/index,/index,,200,973,6,0,0.0,0,2
224.29.178.188,28/Oct/2025:15:22:48 +0000,POST,/upload,/upload,,200,1143,7,0,0.0,1,2
210.13.241.222,28/Oct/2025:15:22:39 +0000,GET,/products,/products,,200,779,9,0,0.0,0,2
77.239.25.149,28/Oct/2025:15:20:32 +0000,GET,/login?q=hello,/login,q=hello,200,691,14,1,0.0,0,2
144.38.135.112,28/Oct/2025:15:22:23 +0000,GET,/dashboard,/dashboard,,200,212,10,0,0.0,0,2
85.218.23.112,28/Oct/2025:15:24:35 +0000,POST,/search?q=<script>alert(1)</script>,/search,q=<script>alert(1)</script>,200,354,35,1,0.11428571428571428,1,2
188.221.125.154,28/Oct/2025:15:20:24 +0000,GET,/home,/home,,200,663,5,0,0.0,0,2
117.110.26.53,28/Oct/2025:15:20:51 +0000,GET,/admin?q=hello,/admin,q=hello,200,960,14,1,0.0,0,2
34.108.92.249,28/Oct/2025:15:21:05 +0000,GET,/api/v1/login,/api/v1/login,,200,1412,13,0,0.0,0,2
194.154.226.210,28/Oct/2025:15:20:16 +0000,GET,/dashboard,/dashboard,,200,368,10,0,0.0,0,2
231.20.141.211,28/Oct/2025:15:22:27 +0000,GET,/api/v1/login,/api/v1/login,,200,439,13,0,0.0,0,2
16.88.201.126,28/Oct/2025:15:23:08 +0000,POST,/api/v1/users,/api/v1/users,,200,731,13,0,0.0,1,2
89.6.11.32,28/Oct/2025:15:22:51 +0000,GET,/search,/search,,200,1152,7,0,0.0,0,2
236.215.222.36,28/Oct/2025:15:21:30 +0000,GET,/dashboard,/dashboard,,200,1297,10,0,0.0,0,2
72.32.21.244,28/Oct/2025:15:22:44 +0000,GET,/home,/home,,200,1204,5,0,0.0,0,2
210.150.81.221,28/Oct/2025:15:24:17 +0000,POST,/search?q=<script>alert(1)</script>,/search,q=<script>alert(1)</script>,403,956,35,1,0.11428571428571428,1,4
98.47.38.242,28/Oct/2025:15:20:20 +0000,GET,/login?q=hello,/login,q=hello,200,739,14,1,0.0,0,2
221.194.66.128,28/Oct/2025:15:20:18 +0000,GET,/upload,/upload,,200,1089,7,0,0.0,0,2
58.246.146.203,28/Oct/2025:15:20:38 +0000,GET,/index,/index,,200,332,6,0,0.0,0,2
209.154.10.178,28/Oct/2025:15:23:29 +0000,GET,/upload,/upload,,200,1102,7,0,0.0,0,2
80.96.106.44,28/Oct/2025:15:21:49 +0000,GET,/admin,/admin,,200,1499,6,0,0.0,0,2
91.85.133.192,28/Oct/2025:15:23:23 +0000,GET,/dashboard,/dashboard,,200,1033,10,0,0.0,0,2
161.221.112.177,28/Oct/2025:15:21:46 +0000,GET,/assets/img.png,/assets/img.png,,200,1184,15,0,0.0,0,2
148.66.180.244,28/Oct/2025:15:23:22 +0000,POST,/dashboard?q=hello,/dashboard,q=hello,200,780,18,1,0.0,1,2
34.110.208.92,28/Oct/2025:15:24:43 +0000,GET,/search?q=<script>alert(1)</script>,/search,q=<script>alert(1)</script>,200,734,35,1,0.11428571428571428,0,2
125.240.10.220,28/Oct/2025:15:21:09 +0000,GET,/dashboard,/dashboard,,200,760,10,0,0.0,0,2
5.143.168.251,28/Oct/2025:15:20:22 +0000,POST,/login?q=hello,/login,q=hello,200,1212,14,1,0.0,1,2
232.205.222.26,28/Oct/2025:15:23:11 +0000,GET,/assets/img.png,/assets/img.png,,200,832,15,0,0.0,0,2
104.49.30.2,28/Oct/2025:15:22:32 +0000,GET,/search?q=hello,/search,q=hello,200,1065,15,1,0.0,0,2
36.217.162.18,28/Oct/2025:15:23:05 +0000,POST,/index?q=hello,/index,q=hello,200,352,14,1,0.0,1,2
123.64.231.123,28/Oct/2025:15:20:55 +0000,GET,/home,/home,,200,362,5,0,0.0,0,2
156.136.215.207,28/Oct/2025:15:23:52 +0000,POST,/search?q=%3Csvg%2Fonload%3Dalert(1)%3E,/search,q=%3Csvg%2Fonload%3Dalert(1)%3E,403,1091,39,1,0.07692307692307693,1,4
139.168.233.10,28/Oct/2025:15:20:37 +0000,GET,/dashboard,/dashboard,,200,448,10,0,0.0,0,2
115.87.104.88,28/Oct/2025:15:20:46 +0000,GET,/api/v1/login,/api/v1/login,,200,1184,13,0,0.0,0,2
201.84.229.31,28/Oct/2025:15:20:44 +0000,GET,/login,/login,,200,1394,6,0,0.0,0,2
161.229.168.239,28/Oct/2025:15:21:26 +0000,GET,/products,/products,,200,1432,9,0,0.0,0,2
183.206.97.61,28/Oct/2025:15:21:17 +0000,POST,/index,/index,,200,1489,6,0,0.0,1,2
29.33.180.223,28/Oct/2025:15:24:30 +0000,POST,/admin.php?file=../../../../etc/passwd,/admin.php,file=../../../../etc/passwd,403,1199,38,1,0.0,1,4
150.114.23.191,28/Oct/2025:15:22:10 +0000,GET,/assets/img.png,/assets/img.png,,200,1263,15,0,0.0,0,2
207.194.32.121,28/Oct/2025:15:24:42 +0000,GET,/?q=%27%3B+DROP+TABLE+users%3B--,/,q=%27%3B+DROP+TABLE+users%3B--,500,150,32,1,0.0625,0,5
248.34.73.198,28/Oct/2025:15:23:10 +0000,GET,/api/v1/users,/api/v1/users,,200,1045,13,0,0.0,0,2
87.10.243.46,28/Oct/2025:15:20:23 +0000,GET,/home,/home,,200,1397,5,0,0.0,0,2
67.7.155.78,28/Oct/2025:15:20:29 +0000,POST,/dashboard,/dashboard,,200,1062,10,0,0.0,1,2
37.103.27.147,28/Oct/2025:15:23:46 +0000,GET,/product?id=../../../../etc/passwd,/product,id=../../../../etc/passwd,500,1154,34,1,0.0,0,5
10.139.124.102,28/Oct/2025:15:24:37 +0000,GET,/search?q=%3Csvg%2Fonload%3Dalert(1)%3E,/search,q=%3Csvg%2Fonload%3Dalert(1)%3E,403,728,39,1,0.07692307692307693,0,4
218.136.101.24,28/Oct/2025:15:21:18 +0000,GET,/api/v1/login,/api/v1/login,,200,603,13,0,0.0,0,2
31.40.206.57,28/Oct/2025:15:22:38 +0000,GET,/dashboard,/dashboard,,200,1261,10,0,0.0,0,2
197.113.176.80,28/Oct/2025:15:21:11 +0000,GET,/products,/products,,200,896,9,0,0.0,0,2
89.248.130.108,28/Oct/2025:15:24:04 +0000,GET,/product?id=../../../../etc/passwd,/product,id=../../../../etc/passwd,200,1137,34,1,0.0,0,2
36.201.10.81,28/Oct/2025:15:23:12 +0000,GET,/dashboard,/dashboard,,200,615,10,0,0.0,0,2
186.29.25.245,28/Oct/2025:15:20:59 +0000,POST,/products,/products,,200,1150,9,0,0.0,1,2
242.69.135.213,28/Oct/2025:15:24:13 +0000,GET,/search?q=%3Csvg%2Fonload%3Dalert(1)%3E,/search,q=%3Csvg%2Fonload%3Dalert(1)%3E,200,920,39,1,0.07692307692307693,0,2
117.145.26.199,28/Oct/2025:15:22:50 +0000,GET,/api/v1/login,/api/v1/login,,200,427,13,0,0.0,0,2
192.142.202.224,28/Oct/2025:15:23:32 +0000,GET,/search,/search,,200,1237,7,0,0.0,0,2
67.253.154.150,28/Oct/2025:15:21:51 +0000,POST,/admin,/admin,,200,1010,6,0,0.0,1,2
20.170.82.214,28/Oct/2025:15:22:26 +0000,GET,/search,/search,,200,498,7,0,0.0,0,2
45.48.53.28,28/Oct/2025:15:23:20 +0000,GET,/upload,/upload,,200,502,7,0,0.0,0,2
128.115.12.50,28/Oct/2025:15:22:00 +0000,GET,/admin?q=hello,/admin,q=hello,200,554,14,1,0.0,0,2
206.217.107.99,28/Oct/2025:15:22:28 +0000,GET,/api/v1/login,/api/v1/login,,200,483,13,0,0.0,0,2
193.198.189.160,28/Oct/2025:15:22:22 +0000,GET,/dashboard,/dashboard,,200,258,10,0,0.0,0,2
120.163.22.56,28/Oct/2025:15:24:27 +0000,POST,/search?q=%3Csvg%2Fonload%3Dalert(1)%3E,/search,q=%3Csvg%2Fonload%3Dalert(1)%3E,200,850,39,1,0.07692307692307693,1,2
173.126.203.109,28/Oct/2025:15:24:21 +0000,GET,/?q=%27%3B+DROP+TABLE+users%3B--,/,q=%27%3B+DROP+TABLE+users%3B--,403,159,32,1,0.0625,0,4
231.123.228.135,28/Oct/2025:15:20:31 +0000,GET,/login,/login,,200,1242,6,0,0.0,0,2
162.79.226.64,28/Oct/2025:15:23:15 +0000,GET,/login?q=hello,/login,q=hello,200,262,14,1,0.0,0,2
124.221.218.114,28/Oct/2025:15:21:48 +0000,GET,/products?q=hello,/products,q=hello,200,1053,17,1,0.0,0,2
49.13.140.191,28/Oct/2025:15:24:48 +0000,GET,/upload?file=../../../../../windows/win.ini,/upload,file=../../../../../windows/win.ini,500,714,43,1,0.0,0,5
59.113.12.222,28/Oct/2025:15:23:47 +0000,POST,/api/v1/users?name=admin'--,/api/v1/users,name=admin'--,200,101,27,1,0.07407407407407407,1,2
189.97.243.80,28/Oct/2025:15:22:45 +0000,POST,/api/v1/login?q=hello,/api/v1/login,q=hello,200,1304,21,1,0.0,1,2
20.53.132.64,28/Oct/2025:15:24:10 +0000,GET,/admin.php?file=../../../../etc/passwd,/admin.php,file=../../../../etc/passwd,200,389,38,1,0.0,0,2
26.5.187.72,28/Oct/2025:15:21:45 +0000,GET,/upload,/upload,,200,966,7,0,0.0,0,2
152.21.135.48,28/Oct/2025:15:20:39 +0000,GET,/upload,/upload,,200,515,7,0,0.0,0,2
44.193.192.140,28/Oct/2025:15:24:49 +0000,GET,/upload?file=../../../../../windows/win.ini,/upload,file=../../../../../windows/win.ini,500,188,43,1,0.0,0,5
56.81.42.201,28/Oct/2025:15:23:13 +0000,GET,/assets/img.png,/assets/img.png,,200,979,15,0,0.0,0,2
80.182.244.99,28/Oct/2025:15:22:33 +0000,POST,/home?q=hello,/home,q=hello,200,1489,13,1,0.0,1,2
27.162.187.41,28/Oct/2025:15:24:40 +0000,GET,/upload?file=../../../../../windows/win.ini,/upload,file=../../../../../windows/win.ini,200,397,43,1,0.0,0,2
164.141.10.231,28/Oct/2025:15:24:32 +0000,GET,/admin.php?file=../../../../etc/passwd,/admin.php,file=../../../../etc/passwd,403,815,38,1,0.0,0,4
157.142.49.155,28/Oct/2025:15:22:46 +0000,GET,/search?q=hello,/search,q=hello,200,235,15,1,0.0,0,2
139.83.183.27,28/Oct/2025:15:22:05 +0000,GET,/dashboard?q=hello,/dashboard,q=hello,200,448,18,1,0.0,0,2
34.83.139.43,28/Oct/2025:15:22:13 +0000,POST,/home,/home,,200,864,5,0,0.0,1,2
113.158.114.47,28/Oct/2025:15:24:55 +0000,POST,/api/v1/users?name=admin'--,/api/v1/users,name=admin'--,500,678,27,1,0.07407407407407407,1,5
11.186.46.15,28/Oct/2025:15:24:52 +0000,POST,/admin.php?file=../../../../etc/passwd,/admin.php,file=../../../../etc/passwd,403,1038,38,1,0.0,1,4
56.72.4.171,28/Oct/2025:15:23:49 +0000,POST,/product?id=../../../../etc/passwd,/product,id=../../../../etc/passwd,403,742,34,1,0.0,1,4
122.7.227.205,28/Oct/2025:15:22:03 +0000,GET,/assets/img.png,/assets/img.png,,200,395,15,0,0.0,0,2
143.165.35.170,28/Oct/2025:15:21:06 +0000,POST,/dashboard,/dashboard,,200,731,10,0,0.0,1,2
87.107.110.252,28/Oct/2025:15:23:07 +0000,GET,/assets/img.png?q=hello,/assets/img.png,q=hello,200,946,23,1,0.0,0,2
92.103.75.156,28/Oct/2025:15:22:18 +0000,GET,/assets/img.png,/assets/img.png,,200,482,15,0,0.0,0,2
47.212.116.9,28/Oct/2025:15:21:14 +0000,GET,/index,/index,,200,250,6,0,0.0,0,2
231.147.47.16,28/Oct/2025:15:24:05 +0000,POST,/admin.php?file=../../../../etc/passwd,/admin.php,file=../../../../etc/passwd,200,271,38,1,0.0,1,2
174.65.191.56,28/Oct/2025:15:24:29 +0000,GET,/?q=%27%3B+DROP+TABLE+users%3B--,/,q=%27%3B+DROP+TABLE+users%3B--,403,954,32,1,0.0625,0,4
185.163.42.117,28/Oct/2025:15:22:42 +0000,GET,/api/v1/login,/api/v1/login,,200,1385,13,0,0.0,0,2
159.145.141.79,28/Oct/2025:15:21:29 +0000,GET,/search,/search,,200,1172,7,0,0.0,0,2
147.131.68.149,28/Oct/2025:15:20:57 +0000,GET,/search,/search,,200,1370,7,0,0.0,0,2
204.163.82.177,28/Oct/2025:15:24:09 +0000,POST,/product?id=../../../../etc/passwd,/product,id=../../../../etc/passwd,200,965,34,1,0.0,1,2
9.91.137.152,28/Oct/2025:15:22:36 +0000,GET,/home,/home,,200,1316,5,0,0.0,0,2
